<?xml version="1.0" encoding="UTF-8"?>
<project-private xmlns="http://www.netbeans.org/ns/project-private/1">
    <editor-bookmarks xmlns="http://www.netbeans.org/ns/editor-bookmarks/2" lastBookmarkId="0"/>
    <open-files xmlns="http://www.netbeans.org/ns/projectui-open-files/2">
        <group>
            <file>file:/C:/Users/VAISHNAVI/MCmodule/projects/ECU1_SPEED_GEAR.X/main.c</file>
            <file>file:/C:/Users/VAISHNAVI/MCmodule/projects/ECU1_SPEED_GEAR.X/sensor.c</file>
            <file>file:/C:/Users/VAISHNAVI/MCmodule/projects/ECU1_SPEED_GEAR.X/dkp.c</file>
            <file>file:/C:/Users/VAISHNAVI/MCmodule/projects/ECU1_SPEED_GEAR.X/mkp.c</file>
            <file>file:/C:/Users/VAISHNAVI/MCmodule/projects/ECU1_SPEED_GEAR.X/adc.c</file>
            <file>file:/C:/Users/VAISHNAVI/MCmodule/projects/ECU1_SPEED_GEAR.X/can.c</file>
            <file>file:/C:/Users/VAISHNAVI/MCmodule/projects/ECU1_SPEED_GEAR.X/uart.c</file>
            <file>file:/C:/Users/VAISHNAVI/MCmodule/projects/ECU1_SPEED_GEAR.X/clcd.c</file>
            <file>file:/C:/Users/VAISHNAVI/MCmodule/projects/ECU1_SPEED_GEAR.X/msg_id.h</file>
            <file>file:/C:/Users/VAISHNAVI/MCmodule/projects/ECU1_SPEED_GEAR.X/mkp.h</file>
            <file>file:/C:/Users/VAISHNAVI/MCmodule/projects/ECU1_SPEED_GEAR.X/sensor.h</file>
            <file>file:/C:/Users/VAISHNAVI/MCmodule/projects/ECU1_SPEED_GEAR.X/dkp.h</file>
            <file>file:/C:/Users/VAISHNAVI/MCmodule/projects/ECU1_SPEED_GEAR.X/clcd.h</file>
            <file>file:/C:/Users/VAISHNAVI/MCmodule/projects/ECU1_SPEED_GEAR.X/can.h</file>
            <file>file:/C:/Users/VAISHNAVI/MCmodule/projects/ECU1_SPEED_GEAR.X/adc.h</file>
            <file>file:/C:/Users/VAISHNAVI/MCmodule/projects/ECU1_SPEED_GEAR.X/uart.h</file>
        </group>
    </open-files>
</project-private>
